Topic,Count,Name,CustomName,Representation,Representative_Docs
-1,3807,-1_specification_software version_manufactured_complaints,Outlier / unassigned narrative,"[""specification"", ""software version"", ""manufactured"", ""complaints"", ""procedure"", ""automated"", ""assembly"", ""component"", ""patients"", ""error""]","[""for the automated multi-image-acquisition procedure ortho x-ray collimation is set in a preparative stage for the entire examination area prior to the exam. during acquisition of each individual x-ray image, the x-ray collimator is automatically positioned in a way that the subsequent series of acquisition covers the defined field of view needed for each step. however, during the acquisition the collimation area displayed to the operator on the user interface does not correctly represent the collimation area specified by the system. it indicates to the user an open collimator instead, e.g., the information displayed on the user interface shows wider area of collimation than values preset prior to the examination. however, the collimation of the x-ray is performed correctly and always matches the examination area predefined by the user."", ""a tracker that holds and guides neurosurgical surgical instruments be subject to separation/weld failure, where the tracker connects to the instrument tube. if a weld separation occurs and a navigation inaccuracy is experienced, it result in prolonged procedure and tissue injury. per 11/24/21 firm email: the bundle autoguide reg kit does not have a model number. the bundle autoguide reg kit is internal terminology and not visible to the customer and are used as sales and shipping configuration only. when this sales bundle is chosen by an internal manufacturer sales representative the devices included in the bundle are individually packaged and labeled and sent to the customer in a single shipment. the devices included in the bundle are ordered, packed, and shipped as individual medical devices with unique model numbers, which is the reason that the autoguide tracker (28248) and the stealth autoguide basic instrument kit (9736188) are the only part numbers subject to this fca."", ""manufacturer has received complaints about fragments of adhesive which detached from inside the working channel of the referenced products. cracking, chipping, missing pieces, and delamination of the adhesive have also been reported. in one case, a fragment of the adhesive was detected inside a patient's urethra during a procedure and was retrieved without injury to the patient. the manufacturer, manufacturer winter & lbe gmbh (\""owi\"") has determined that adhesive can be dislodged during the intended use of the cystoscopy bridge or working insert, e.g., when inserting an instrument through the working channel. as a result, a fragment of the adhesive fall inside the patient's bladder, urethra or uterus and would need to be retrieved, extending the length of the procedure or requiring additional surgical treatment. the adhesive is used to seal gaps inside the working channel of the cystoscopy bridges and working inserts. in , the adhesive used until then was discontinued and had to be replaced. current investigations revealed that the durability of the new adhesive is insufficient""]"
0,1196,0_patient samples_patient sample_calibration failures_immunoassay,Erroneous diagnostic and laboratory test results,"[""patient samples"", ""patient sample"", ""calibration failures"", ""immunoassay"", ""patient results"", ""calibrators"", ""test results"", ""clinical manufacturertics"", ""calibration"", ""vitros chemistry""]","[""the reason for the is the pneumatic tubing used in the analytical pick-and-place (pnp) assembly cable fully or partially disconnect from the flex cable assembly fittings during normal operation. the dxi 9000 access immunoassay analyzer generate a system event log message that indicates pnp errors. any cancelled tests will have an associated sys flag. the analyzer enter the red-system status because of this . the analyzer also not eject rvs, where unbound conjugate could potentially splash up on the sidewall of the rv, not being properly washed away, resulting in an artificially higher signal (rlu). the analyzer not detect this splashing and continue with normal operation, which can cause false low or high erroneous results. consequently, the analyzer cancel in-progress tests. these errors could potentially cause delay reporting patient test results and patient treatments. the degree of the potential health hazard is dependent on the analytes that are potentially delayed, especially those analytes that would be used in the acute setting when treatment decisions are immediate. in this particular the highest risk analyte is troponin. health consequences could include permanent impairment or possibly death if medical treatment decisions are delayed due to a delay in obtaining patient results. the was identified by manufacturer manufacturing staff at their location in brea california on 29, , during in-process acceptance inspection activities."", ""ortho clinical manufacturertics (ocd) confirmed the potential for lower than expected c-reactive protein (crp) results only to be generated when using vitros chemistry products specialty diluent (lot f3168) or vitros chemistry products fs diluent pack 3 (lot 01-3266). the vitros instructions for use states that if the if a c-reactive protein concentration exceeds the systems measuring (reportable or dynamic) range, dilute the sample with vitros specialty diluent or a patient sample containing a low concentration of crp. an initial threefold dilution is recommended. internal testing determined that results using vitros crp slides have the potential for approximately 51% bias using a 3x dilution factor."", ""manufacturermens healthineers has received customer complaints and confirmed imprecision for quality control (qc) and patient samples with dimension tacrolimus (tac) lots ga2286, ga3047 and ga3171. the health consequences of erroneous patient results are major, since in a worst case scenario, a patient s tacrolimus dosing could be altered, resulting in potential organ failure and rejection (due to too low or no tacrolimus being administered) or toxicity (due to too much tacrolimus being administered). manufacturermens internal investigation of the dimension tac assay showed the worst case imprecision with patient samples at the low end of the analytical measurement range (amr). a patient sample at 2.0 ng/ml (2.6 nmol/l) recovered as 0.0 ng/ml (0.0 nmol/l) (100% negative bias), another patient sample at 2.1 ng/ml (2.7 nmol/l) recovered at 4.3 ng/ml (5.6 nmol/l) (103% positive bias).""]"
1,700,1_implant size_tibial insert_hip stem_manufacturer orthopaedics,"Orthopedic implant sizing, packaging, and compatibility issues","[""implant size"", ""tibial insert"", ""hip stem"", ""manufacturer orthopaedics"", ""implant"", ""dental implant"", ""tibial base"", ""prosthesis"", ""tibial bearing"", ""implantation""]","[""all lots of the persona cemented tibial drill, 5 degree cemented stemmed natural tibia implants, and associated tools including the tibial drill guide, broach, and sizing plate are being removed and replaced with enhanced products and instruments to reduce risks of tibial perforation which could result in tibial bone fracture due to the stress riser created by a perforation; tibial plate loosening"", ""the g-pin 2.8bl 3.2pl 60 cm 2pk is intended to contain one (1) 467265-01 ball tip guide pin and one (1) 467255-02 plain tip guide pin. the g-pin 2.8bl 3.2pl 60 cm 2pk have been packaged incorrectly either with two (2) 467265-01 ball tip guide pins and zero (0) 467255-02 plain tip guide pins or with zero (0) 467265-01 ball tip guide pins and two (2) 467255-02 plain tip guide pins. if the g-pin 2.8bl 3.2pl 60 cm 2pk contains the incorrect combination of plain tip guide pins and ball tip guide pins, the surgeon would either have to implant the nail without the plain tip guide pin as a guide, ream with a plain tip guide pin, or choose to not ream the humeral canal. the risk associated with not having the correct combination can include a delay in surgery of less than 30 minutes, the reamer tip remaining in the distal humeral canal, or an iatrogenic fracture."", ""manufacturer biomet is conducting a medical device related to the nexgen stemmed option tibial components due to the clinically and statistically significant higher overall revision rates when these tibial components are used with either the legacy posterior stabilized (lps) flex or lps flex gender solutions femoral (gsf) components as compared to other total knee arthroplasties in the united kingdom national joint registry (uk njr). removing the nexgen stemmed option tibial component f rom inventory will prevent its future implantation with either the lps flex or lps flex gsf femoral components and mitigate the increased revision risk with these two specific combinations of tibial and femoral component.""]"
2,583,2_electrical safety_cause electrical_risk electrical_electrical shock,"Electrical, power supply, and thermal hazards","[""electrical safety"", ""cause electrical"", ""risk electrical"", ""electrical shock"", ""fuses"", ""electrical"", ""electrical short"", ""overheated"", ""result electrical"", ""electric shock""]","[""there is a potential safety associated with the magnet venting paths of the siemens 3 tesla mri system within your imris operating suite. siemens notified imris that an ice blockage exist within the magnet venting system. in the event of a quench, helium gas be unable to escape through the designed vent paths, leading to a pressure build-up within the helium containment system which could ultimately rupture the helium containment system, potentially resulting in a helium leak into the scanning room."", ""there is an increase in the failure rate of certain anode drive units (adu5) used in these products. early life failure of the adus only occurs when the hospital mains provide 480v to the system. this current voltage lead to saturation and overheating of the coils that protect the igbts (insulated-gate bipolar transistor) of the adu. the overheating also generate a peculiar burning smell that be noticed. in some instances this burning smell be noticed before the adu fails. when the adu fails the x-ray performance of the system is reduced to emergency fluoroscopy. exposure will not be possible and image quality is reduced."", ""there is a potential for an electrical short circuit to develop in a subset of 479 model 26907 power supply cable plugs that connect to the manufacturer model 29901 carelink encore programmer. a failure mode of the power supply has been found where an electrical short occurs on the low voltage direct current connector and results in the connector heating up, generating smoke, melting and in some cases disconnecting from the programmer.""]"
3,532,3_packaging sterility_defect sterile_sterile barrier_sterile package,Compromised sterile packaging barriers,"[""packaging sterility"", ""defect sterile"", ""sterile barrier"", ""sterile package"", ""sterility breach"", ""packaging sterile"", ""sterile packaging"", ""seal sterile"", ""breach sterility"", ""sterility compromised""]","[""product sterility is compromised due to breach of sterile barrier"", ""product sterility is compromised due to breach of the sterile barrier"", ""1. an accessory be improperly placed during packaging, causing creases and damage to the accessory's sterile pouch. 2. product packaging exhibit holes, cracks, dents, and crushed areas. both issues compromise the sterile barrier of the packaging, and exposure to non-sterile product result in inflammation, infection, sepsis, and ischemia.""]"
4,415,4_ventilator_ventilators_mechanical ventilation_ventilation patient,"Ventilation, breathing circuit, and oxygen delivery failures","[""ventilator"", ""ventilators"", ""mechanical ventilation"", ""ventilation patient"", ""plus ventilator"", ""breathing circuit"", ""respiratory failure"", ""ventilation"", ""oxygenator"", ""resuscitation""]","[""solder connection failure on power management printed circuit board assembly of ventilators cause 1) blower to lose power, spool down, and trigger visual and audible high priority check vent alarm indicating a need for alternative ventilation, or 2) intermittent connection disrupt expected operation and trigger unexpected shutdown without alarm. failures lead to hypercarbia/hypoxemia"", ""it has been identified that ventilators equipped with high flow therapy (software versions 3.00 and 3.10), that includes a designed safety mechanism that limits the amount of pressure that can be delivered to a patient, in situations where the system pressure reaches the maximum limit and sounds the \""cannot reach target flow\"" alarm , the system will reduce pressure and simultaneously decreasing the flow rate to a level below what was set by the clinicians. if the reason for the increase in pressure is not resolved, the ventilator will continue to provide the lower flow rate, which result in patients experiencing oxygen desaturation which can be characterized as moderate or severe hypoxemia."", ""ventilator printed circuit board assembly have two separate capacitors that fail, which result in the ventilator either shutting down during use, thus necessitating use of an alternate form of ventilation, or the shutdown alert alarm fails to alarm effectively during shut down, which result in respiratory failure, hypoventilation, low oxygen saturation, hypoxia, treatment delay.""]"
5,308,5_incorrect expiration_incorrect expiry_correct expiration_expiration dating,"Expiration date, shelf-life, and storage labeling errors","[""incorrect expiration"", ""incorrect expiry"", ""correct expiration"", ""expiration dating"", ""labeled expiry"", ""label expiration"", ""expiry date"", ""past expiration"", ""expiration dates"", ""expiration date""]","[""incorrect expiration date was listed on the label. correct expiration date was 30, . product was labeled with expiration date of 30, ."", ""incorrect expiration date on product label. the manufacturing date was listed as the expiration date. correct expiration date is \""22.07.2027\"""", ""incorrect expiration date on label. correct expiration date was 25, . product was labeled with expiration date of 28,.""]"
6,387,6_radiography_radiographic_x-ray imaging_mobile x-ray,"X-ray imaging, display, and radiation-control failures","[""radiography"", ""radiographic"", ""x-ray imaging"", ""mobile x-ray"", ""fluoroscopy"", ""misdiagnosis"", ""nuclear medicine"", ""patient orientation"", ""x-ray tube"", ""imaging""]","[""1: mixed images: the radio fluoroscopy (rf) viewer also display a previous patients radiography (rad) images when starting the next patient scan while the previous patient image export is still processing. if the occurs, there is a potential for incorrect patient data to be displayed in the image. 2: detector access point: security vulnerability specific to the wireless portable detector configuration items in manufacturer support connect (psc). due to this vulnerability it is possible, with physical access to the system and knowledge of specific settings, to modify and export data to removable media (example: usb)"", ""following a system restart where the table height 2 (th2) is the default setting and then switched to wallstand vs2, operators will see an incorrect orientation of image on the first examination due to an in the firmware of the wallstand vs2 board. the system will rotate the amplimat field selection by 90 degrees. the wrong amplimat field selection cause an incorrect dose of radiation to occur. additionally, the anatomic position markers become mispositioned and could potentially be associated with the opposite side of the anatomy. (updated 1/30/23) expansion of the root cause to include incorrect amplimat field selection by 90 degrees following the first exposure using wallstand vs2 and a subsequent system restart. previously, this only occurred following a system restart where the table height 2 (th2) is the default setting."", ""multiple software issues which have the potential to lead to misdiagnosis due to image artifacts or incorrect image orientation labels, or the need for a ct rescan. these include: 1. artifacts occur on perfusion images, 2. orientation label reversed in 2d images, 3. auto voice does not work during the cardiac scan, 4. auto voice and operators voice are too quiet, patient cant hear, 5. not all of the images are reconstructed in some cases, 6. no image displayed on the console monitor after enabling cct single scan, 7. ring artifact appears in 32x0.625 collimation of bone scan when soft tissue view is selected, 8. a design defect where the error couch motion signal of couch firmware causes couch to identify current position as target position in next protocol, and 9. calcium scoring study split into separate series after loading to isp.""]"
7,341,7_patient label_patient labels_incorrect label_label incorrectly,"Product label, carton, and patient-label mix-ups","[""patient label"", ""patient labels"", ""incorrect label"", ""label incorrectly"", ""incorrect labeling"", ""vial label"", ""label incorrect"", ""incorrectly labeled"", ""mislabeled incorrect"", ""package label""]","[""label on the outer carton does not match the labels on the outer blister package, inner blister package and patient labels. the only label that not be correct is on the outer carton"", ""manufacturer, is a correction to the patient labels of products manufactured before 20i0 by the manufacturer gmbh production site in winterthur, switzerland, after receiving four complaints of a discrepancy between product patient labels and product labels with respect to the reference and lot numbers of the product. while the information printed on the product label is correct, the info"", ""manufacturer, is a correction to the patient labels of products manufactured before by the manufacturer gmbh production site in winterthur, switzerland, after receiving four complaints of a discrepancy between product patient labels and product labels with respect to the reference and lot numbers of the product. while the information printed on the product label is correct, the info""]"
8,386,8_tip breakage_metal tip_surgical site_surgery possibility,"Surgical blades, handles, welds, and instrument breakage","[""tip breakage"", ""metal tip"", ""surgical site"", ""surgery possibility"", ""surgical"", ""welded joint"", ""wrench"", ""surgical intervention"", ""surgical delay"", ""surgery""]","[""reports of out-of-box failures discovered during the limited launch phase. failure modes included angled deformity at the attachment site of the harvesting tool jaws and the distal end of the harvesting tool shaft, jaws not fully closed out of box, and heater wire lifted/flexed away from jaws."", ""manufacturing variance near transition of tip is increasing the likelihood the wire tip fracture. the fractured tip be retained in the patient. retrieval attempts be made which could result in a delay of surgery and potentially damage soft tissue and increase healing time"", ""monopolar curved scissor (mcs) instruments be susceptible to developing cracks near the proximal edge of the extension tube. these cracks fracture the plastic surrounding the instrument shaft, and cause fragments of the extension tube to fall, including potentially into the patient.""]"
9,235,9_fda approval_fda clearance_approved fda_clearance fda,Marketed without FDA clearance or authorization,"[""fda approval"", ""fda clearance"", ""approved fda"", ""clearance fda"", ""fda regulatory"", ""fda inspection"", ""fda market"", ""cleared fda"", ""marketed cleared"", ""fda""]","[""device was marketed without fda 510(k) clearance or a pma."", ""manufacturer was violatively distributing prestibio\"" breastmilk alcohol test strip, diagnosus sars-cov-2 antibody (igg/igm) test, healthywiser ketofast\"" ketone test strips and prestibio\"" ketone test strips without marketing authorization. umi is also their tests because they are going out of business and would not be able to continue fulfilling any post-market responsibilities of these distributed products. umi claims to hold 510(k)s for the other devices, purchased the intellectual property in from the previous 510(k) holder, but fda has been unable to verify this information. the devices have unknown performance characteristics because the firm is unable to provide any documentation that the devices were manufactured in conformance with the quality system regulation, including documentation (e.g., dhf) that the distributed devices had not been modified since original clearance in a way that could impact their safety and effectiveness, documentation of controlled storage temperature/humidity, and post-market surveillance documentation, such as complaints and adverse events."", ""medical device components were marketed without fda clearance and without fda approval""]"
10,255,10_patient images_patient image_patient exam_patient information,Medical imaging software and PACS/DICOM study errors,"[""patient images"", ""patient image"", ""patient exam"", ""patient information"", ""patient data"", ""incorrect patient"", ""wrong patient"", ""misdiagnosis"", ""correct patient"", ""patient study""]","[""manufacturer is aware of a potential safety risk where an image labeling situation exists in the image viewer software of the centricity cardio imaging product, version 5.0 sp1. multiple studies be displayed side by side by selecting \""compare study\"" from the study list, or by opening prior studies in the patient folder. in these cases, the viewer differentiates the studies wityh a label (curr"", ""manufacturer has become aware of an in centricity universal viewer zero footprint client (zfp) version v6.0 sp11.x where the latest report is not shown by default to the user. the occur when a study has multiple dicom structured reports (i.e. preliminary, final, and/or addendum) stored in different series."", ""a database handling error could occur during the image acquisition process affecting the completeness of acquired images with centricity pacs-iw. there is a potential that one or more image series (i.e. all images within an image set) be missing from an exam without indication to the user. while this is rare, this can occur with imaging studies that consist of a very small number of images per series. e.g. cr thorax exam with 1 image per series.""]"
11,229,11_patient fall_risk injury_fall patient_safety lock,"Patient lifts, tables, and support-structure fall hazards","[""patient fall"", ""risk injury"", ""fall patient"", ""safety lock"", ""injury patient"", ""arm drop"", ""operator patient"", ""tube arm"", ""user fall"", ""safety""]","[""a component of the device was by a supplier. in rare cases of inadequate maintenance or very high clinical workload, the first steel wire rope of the lifting column, which is designed to take the load, can break without triggering the safety lock. this can lead to overloading of the safety cable, which is not designed to permanently carry the load of the lifting column or continuously move under load. this could cause material fatigue and cause the arm to drop unexpectedly during patient positioning. if the arm drops unexpectedly, patients and users be seriously injured."", ""manufacturer has identified via customer complaints, the potential for the mounting bolt connecting the caster to the base frame of the patient lifts to become loose. loose hardware can cause wear to the hardware and housings. if left unresolved, the caster separate from the base of the lift causing the lift to tilt and a patient fall. failure does not occur right away but happens over time if the lift is not properly maintained. patient falls are inherently dangerous and result in a range of injuries that are dependent on physical condition of the patient and the nature of the fall. when injuries occur, they are typically non-serious injuries such as bruising, lacerations, or abrasions. in rare cases, more serious injuries such as bone fracture, head trauma, or death can occur. for caregivers using the lift, attempts to manually stabilize a lift if it becomes unstable could result in sprains, serious back injuries, or bone fractures."", ""in rare cases of high clinical workload, the steel cables inside the lifting column of the overhead tube, which are designed to take the load, rapture without triggering the safety lock. this could lead to overloading the safety rope, which is not designed for continuous load and ongoing movement under load. this lead to mechanical fatigue and cause the arm to drop down unexpectedly during movement in vertical direction and during patient positioning.""]"
12,231,12_sterilized manufacturer_risk contamination_sterile manufacturer_adequately sterilized,Sterility assurance and sterilization validation failures,"[""sterilized manufacturer"", ""risk contamination"", ""sterile manufacturer"", ""adequately sterilized"", ""sterilization validation"", ""sterilization processes"", ""contamination"", ""labeled sterile"", ""distributed sterilized"", ""sterile sterility""]","[""manufacturer products are being because of compromised sterility, not limited to potentially damaged packaging. serious deficiencies in the manufacturing processes and uncontrolled and inadequate storage conditions increase the risk of contamination and result in patient infection.."", ""manufacturer is the initial importer and private label distributor of medi choice arm slings (product). the product is manufactured in china by tops medical articles nantong inc. manufacturer first learned of the product that prompted the product removal action via customer complaints received in . two customer complaints received on 1\""1, reported surface contamination on the arm slings. two additional complaints reported on 19, and 7, reported the same . upon receipt of the complaints on 1, , manufacturer immediately a capa investigation for root cause analysis and determination of corrective/preventive actions. a quality inspection of inventory confirmed that the surface contamination was confined to lots manufactured in , , and of . the surface contamination for these lots was found to be frequent. subsequent product lots were inspected and no surface contamination was found. limited inventory from lots prior to were available and inspected as well. no surface contamination was found on these prior lots. manufacturer has quarantined the affected product lots. the product is on hold at all manufacturer distribution centers (dc). samples of contaminated product have been sent to the manufacturer for evaluation and to a certified testing lab for identification of contaminate. these results are pending at this time. based on the frequency of the product defect as well as evaluation of potential adverse health event risk, manufacturer a for the above stated affected product lots."", ""manufacturer products are being because of compromised sterility, not limited to potentially damaged packaging. serious deficiencies in the manufacturing processes and uncontrolled and inadequate storage conditions increase the risk of contamination and result in patient infection.""]"
13,182,13_radiation dose_dose calculation_incorrect dose_dose calculations,Radiation dose calculation and treatment planning errors,"[""radiation dose"", ""dose calculation"", ""incorrect dose"", ""dose calculations"", ""calculation dose"", ""dose rate"", ""radiation treatment"", ""dose value"", ""dose displayed"", ""radiation therapy""]","[""the firm decided to when an was found with the dose calculation in raystation 2.5, raystation 2.5.1. the has not caused any patient mistreatment or other incidents. however, the user must be aware of this information to avoid incorrect dose calculations during treatment planning. the dose calculation is not correctly normalized in the unusual case of preventing the optimizatio"", ""signature from the user is necessary to proceed with specific actions in the proton therapy system (pts). iba became aware that the pts does not accept user names with more than ten characters. it is an when the user has no other choice than resuming an aborted treatment field based on the overall delivered dose displayed on the dose counter electronic unit (dceu). user s signature is required to perform this action. if the signature contains more than ten characters, the user will not be able to complete the aborted treatment field. an additional applies to electronic medical record (emr) centric sites and increase the probability of not being able to complete an aborted treatment field. it is not possible, in a new session, to resume from a local partial archive if the patient positioning system (pps) position has changed. if the user captures the pps position at every session in the oncology information system (ois) just after the setup process, the prescribed pps position is changed for the next session in the ois. this includes the partial continuation session. therefore, when comparing the prescribed pps position between ois and local database, the pts sees a difference and rejects the local partial archive. this forces the user to resume the interrupted irradiation based on the overall delivered dose displayed on the dceu instead of resuming from the full details of the interrupted beam."", ""the firm has learned that some raystation/rayplan users have commissioned machines with erroneous beam profile correction parameters. these parameters affect the dose calculated in corners of large or off-axis fields. this effect cannot be seen in the beam commissioning module and dose in large or off-axis fields needs to be validated using the beam 3d modeling module in rayphysics/rayplan physics. the user must be aware to avoid incorrect dose calculations during treatment planning.""]"
14,244,14_leakage_fluid leaks_leakage result_fluid leak,"Luer, tube, and connector leakage/disconnection","[""leakage"", ""fluid leaks"", ""leakage result"", ""fluid leak"", ""luer connector"", ""water leakage"", ""connectors"", ""blood leak"", ""blood leaks"", ""drip chamber""]","[""manufacturer is the smartsite needlefree connector, model number 2000e, because of connection issues. the affected smartsite connector lots unintentionally disconnect from a female luer, be difficult to disconnect from a female luer, or fail to disconnect from a female luer once attached. leakage also be observed if the connector disconnects from the female luer during in"", ""potential for spinning versions of male luers to exhibit leaks due to a molding defect. fluid leakage potentially cause delay of infusion, contamination of the fluid path, exposure to hazardous manufacturertions, blood loss, exposure to patient blood, or fluid path air-in-line."", ""under circumstances involving exposure to particular chemicals and mechanical forces, the male luer connectors for the specified iv administration and extension sets leak, crack, and/or break during use, which result in a delay in patient treatment, blood loss, infection, an air embolism, and/or underdosage of medication.""]"
15,230,15_syringes manufacturer_syringe packages_flush syringe_syringe needle,"Needles, syringes, and injection device defects","[""syringes manufacturer"", ""syringe packages"", ""flush syringe"", ""syringe needle"", ""syringe plunger"", ""needle safety"", ""syringes"", ""syringe"", ""needle supplier"", ""polypropylene foreign""]","[""nmi was notified by the manufacturer of the 10 ml bd posiflush sf saline flush syringes, that it had a on specific lots of the syringes as some syringe unit packages exhibited open seals which impact package integrity and potentially affect product sterility. based on the notification, nmi is specific picc kits that contain the affected 10 ml bd posiflush sf saline flush syringes."", ""manufacturer manufacturerl inc. (bbmi) this of various bbmi convenience kits containing the 22ga 1-1/2in safetyglide needle due tothe presence of loose polypropylene foreign matter was above release specification. this foreign matter has been identified as a product hub material which has been tested for biocompatibility per iso 10993 during the product development process."", ""manufacturer manufacturerl inc. (bbmi) this of various bbmi convenience kits containing the 22ga 1-1/2in safetyglide needle due to the presence of loose polypropylene foreign matter was above release specification. this foreign matter has been identified as a product hub material which has been tested for biocompatibility per iso 10993 during the product development process.""]"
16,172,16_battery failure_battery depletion_premature battery_depletion battery,"Battery depletion, charging, and power loss hazards","[""battery failure"", ""battery depletion"", ""premature battery"", ""depletion battery"", ""battery alarm"", ""battery backup"", ""power battery"", ""battery"", ""backup battery"", ""battery power""]","[""manufacturer advanced perfusion system 1 battery charge is being depleted faster than expected during periods of system shutdown. the system 1 falsely indicate a longer battery life than actual battery time remaining if not subjected to regular use, such as would occur with a backup system. this result in unexpected system shutdown. prolonged battery depletion cause permanent battery damage."", ""the battery capacity of the optional ps500 power supply unit for the infinity (acs) workstation critical and neonatal care was rapidly and unexpectedly reduced, despite using the most recent power supply firmware version 1.50 released in ( z-0436-). the batteries were prematurely discharged, even though an adequate battery charge status was displayed on the device."", ""manufacturer has received several reports in which monitors with lithium ion batteries that had exceeded their battery life expectancy have overheated or ignited. these batteries should be replaced every 3 years or upon reaching 300 charge-discharge cycles. although the manufacturer suresigns vs & vm monitors and view station (vsv) can display actual information on either or both battery age and charge-discharge cycles, the existing labeling does not include full instructions on how to use this information to determine when to replace the battery. an overheated battery in turn cause the device case to overheat and possibly melt or cause the device to ignite, which can cause injury to a patient, nearby users, or cause damage to property.""]"
17,181,17_infusion pumps_infusion pump_infusion interruption_syringe infusion,"Infusion pump flow, alarm, and therapy interruption failures","[""infusion pumps"", ""infusion pump"", ""infusion interruption"", ""syringe infusion"", ""safety infusion"", ""syringe pump"", ""infusion manufacturer"", ""pump module"", ""under-infusion"", ""interruption infusion""]","[""cadd-solis ambulatory infusion pumps, with software versions before v4.3, have the following issues:1. upstream occlusion, 2. stop and power keys unresponsive, 3. manual mode air detector, 4. single bubble air detection, 5. error codes not displayed at power up, 6. audible alarm, 7. low sensitivity air in line detection threshold, 8. pharmguard server password. smiths manufacturerl corrected many of the issues included in this notification in previous software updates and the corrections were carried forward into all subsequent software releases. please ensure you have the most recent cadd software (v4.3 - ) installed on your pumps."", ""medfusion model 4000 syringe infusion pumps, with the following software versions, have the following issues: 1. delivery during motor not running high priority alarm (v1.0.0, v1.1.0, v1.1.1, v1.1.2), 2. re-administered loading dose (v1.0.0, v1.1.0, v1.1.1, v1.1.2), 3. incorrect critical data failure alarm, 4. interruption of bolus or loading dose delivery (v1.0.0, v1.1.0, v1.1.1, v1.1.2), 5. incorrect total bolus/loading dose displayed (v1.1.0, v1.1.1, v1.1.2), 6. volume limit before bolus/loading dose complete (v1.1.2), 7. drug library lower limit displayed incorrectly (v1.6.0, v1.6.1), 8. depleted battery alarm (all versions previous to v1.6.5), 9. loss of wireless connectivity (v1.5.0, v1.5.1, v1.6.0, v1.6.1, v1.6.4), 10. pharmguard server password (v2.3, v2.4, v2.5). smiths manufacturerl corrected all issues included in this notification in previous software updates and the corrections were carried forward into all subsequent software releases. please ensure you have the most recent medfusion software installed on your pumps."", ""medfusion syringe pumps, with software versions before v6.0.0, have the following issues:1. delivery during motor not running high priority alarm, 2. infusion restarted with incorrect parameters, 3. screen lock, 4. interruption of bolus or loading dose delivery, 5. pump displays incorrect bolus/loading dose, 6. loading/bolus dose below the minimum recommended rate, 7. motor rate error, 8. incorrect last settings, 9. corrupt configuration, 10. auto lock, 11. toolbox configuration loading dose time values. smiths manufacturerl corrected all issues included in this notification in previous software updates and the corrections were carried forward into all subsequent software releases. please ensure you have the most recent medfusion software (v6.0.0) installed on your pumps.""]"
18,164,18_monitor defibrillator_defibrillator monitor_external defibrillator_defibrillator,Defibrillator and pacemaker therapy failures,"[""monitor defibrillator"", ""defibrillator monitor"", ""external defibrillator"", ""defibrillator"", ""defibrillation"", ""pacemaker"", ""ventricular assist"", ""shock patient"", ""ecg"", ""electrodes""]","[""due to bluetooth malfunction on a subset of implantable cardioverter defibrillator (icd) and cardia resynchronization therapy defibrillator *crt-d) devices that were manufactured prior to as a result of crystal component within the bluetooth low energy (ble) circuit. this results in the device entering an inductive telemetry only mode with loss of bluetooth communication. in some instances, thought ble communication is unavailable, the circuit remain in a state which draws excessive power affecting battery longevity."", ""lifepak cr plus automated external defibrillators (aed) or lifepak express aed fail to initiate voice prompts when the on/off button is pressed and the lid is opened due to an internal component (reed switch) that can intermittently become fixed in the closed position. a defibrillator in this condition will fail to deliver a shock, with the potential result that therapy is not delivered and a patient is not resuscitated."", ""manufacturer has become aware of a potential for loss of high voltage and anti-tachycardia pacing therapy in entrust and escudo implantable cardioverter defibrillators (icds) as they near elective replacement indicator (eri) voltage. under certain circumstances, the device display an immediate end of life (eol) observation with no prior eri alert. though no eri alert is triggered, there not be enough remaining battery capacity to charge the high voltage circuits, resulting in an excessive charge time eol observation, leading to a loss of high voltage and anti-tachycardia pacing therapy.""]"
19,162,19_contamination fda_bacterial contamination_microbial contamination_contamination contain,"Particulate, residue, and microbial contamination","[""contamination fda"", ""bacterial contamination"", ""microbial contamination"", ""contamination contain"", ""contamination contamination"", ""contamination"", ""contain bacterial"", ""pe-pur foam"", ""ultrasound"", ""foreign substance""]","[""the polyester-based polyurethane (pe-pur) foam degrade into particles which enter the devices air pathway and be ingested or inhaled by the user, and the pe-pur foam off-gas certain chemicals."", ""the polyester-based polyurethane (pe-pur) foam degrade into particles which enter the device s the air pathway and be ingested or inhaled by the user, and the pe-pur foam off-gas certain chemicals."", ""manufacturer has identified a specific lot of non-conforming material manufactured by one of its suppliers. a manufacturer supplier incorrectly used polyester-based polyurethane (pe-pur) sound abatement foam, a non-conforming material in the devices and repair kits. pe-pur foam degrade into particles which enter the device s air pathway and be ingested or inhaled by the user. the foam degradation be exacerbated by use of unapproved cleaning methods such as unapproved ozone cleaners, and the pe-pur foam off-gas certain chemicals during initial use of the device.""]"
20,141,20_insulin infusion_glucose measurement_insulin pumps_diabetes management,"Insulin pump, glucose app, and diabetes therapy failures","[""insulin infusion"", ""glucose measurement"", ""insulin pumps"", ""diabetes management"", ""hypoglycemia"", ""insulin"", ""continuous glucose"", ""diabetes"", ""glucose values"", ""hyperglycemia""]","[""an error message was received when using the omnipod 5 app on compatible smartphones that prevented phone control users from controlling the omnipod 5 automated insulin delivery system from their omnipod 5 app which cause a delay in therapy. to reduce the volume of inquiries manufacturer was receiving from customers, an email was sent to all phone control users and the cause of the error message was resolved by reverting to prior certificates on the manufacturer cloud to secure communications between the omnipod 5 app sotware and the manufacturer cloud. this was limited to only certain compatible android smartphones and did not affect the omnipod 5 pods or the dedicated locked-down controller provided by manufacturer. all other omnipod 5 users were still able to manage their insulin with the device without use of the smartphone app and affected users were able to switch to the locked-down control provided to all users when they the device during the time the app was unavailable to them. further, the omnipod itself continued to deliver insulin as per its pre-programmed settings so although affected users who did not have the locked-down controller readily available not have been able to command insulin boluses during this time, they continued to receive basal insulin without interruption. lastly, users of the omnipod 5 were advised during training to always have backup supplies ready in the event of a device malfunction which would include alternative means to deliver insulin subcutaneously until the is resolved to minimize disruption to their insulin regimen. there were 2,168 complaints received out of 7,838 users with the android compatible smartphones affected and 9 mdrs were submitted, however, there were no serious injuries reported or reports of erroneous results as the primary was a delay in therapy. this defect cannot cause false results that could negatively impact patients."", ""ios and android: under certain conditions the affected app versions disregard historical bolus data potentially leading to an incorrect bolus insulin recommendation being provided to the user. ios only: pairing and using multiple meters with the accu-chek connect app can under rare circumstances cause the bolus advisor to fail to offer a correction bolus recommendation within the eligible time window following a blood glucose measurement (10 15 minutes). depending on the individual metabolic situation potentially incorrect bolus advice could lead to serious health consequences such as hypoglycemia. both software issues also cause the amount of active insulin displayed during the bolus calculation process to be incorrect and should not be used to manually calculate a bolus."", ""users of the freestyle libre 3 sensors reported situations where they were receiving erroneously high glucose results. the inaccurate higher glucose values lead to users calculating higher insulin bolus correctional doses based on inaccurate cgm glucose data. the inaccurate higher glucose values also contribute to missed or delayed recognition of hypoglycemia, when the sensor incorrectly reports normal or even high glucose values when the actual glucose is trending low or is low. if the hypoglycemia missed by the device occurs acutely, a user not be able to confirm the actual glucose with a self-monitored blood glucose (bg) and/or administer prompt intervention to raise glucose levels. the over-delivery of insulin and/or the missed or delayed detection of impending or overt hypoglycemia in the worst-case scenario lead to severe hypoglycemia/hypoglycemic crisis with significant adverse health consequences. such consequences include central nervous system dysfunction, loss of consciousness, seizure activity and lead to coma, permanent neurological damage, and death.""]"
21,179,21_carescape monitor_patient monitors_patient monitor_patient monitoring,"Patient monitor display, alarm, and communication failures","[""carescape monitor"", ""patient monitors"", ""patient monitor"", ""patient monitoring"", ""cause monitor"", ""monitor"", ""monitor display"", ""reboots"", ""monitor b650"", ""monitor model""]","[""when multiple carescape monitor b650 units are connected to the same network and a network overload occurs for a prolonged time, the monitors simultaneously restart as designed. the monitor restart will not be completed until the network has been corrected."", ""possible sound loss associated with the carescape monitor b650. when an external display is connected to the carescape monitor b650 using a usb extender cable with an active usb hub, the system experience a sound loss including alarm sounds from the patient monitor. this occur if the external display is powered off and on during normal operation of the monitor."", ""ge has become aware of multiple issues affecting the dash 3000/4000/5000 patient monitor and dash port 2 docking station: dash: 1. dash stops communicating on the unity network resulting in loss of monitoring at the carescape\"" cic pro central station*. 2. dash displays distorted ecg waveforms in combination monitoring mode. 3. dash incorrectly becomes time master on the unity network. 4.""]"
22,130,22_class laser_laser_laser caused_lasers,"Laser safety, output, and regulatory compliance failures","[""class laser"", ""laser"", ""laser caused"", ""lasers"", ""safety interlocks"", ""failure comply"", ""radiation control"", ""safety defect"", ""failed comply"", ""iec""]","[""these laser products fail to comply with 21 cfr 1040.10(f)(4) key control which requires, each laser system classified as a class iiib or iv laser product shall incorporate a key-actuated master control. the key shall be removable and the laser shall not be operable when the key is removed. , because while the laser is switched on, the key can be removed from the key switch. the correction is replacement with a key switch that captures the key when in the on position."", ""manufacturer llc failed to comply with the applicable standards regarding electronic product radiation control (eprc) regulations associated with the laser product performance standards and certification. this provides correction by the firm regarding zemits ndprime yag tattoo removal laser. the product requires update or is missing the following in part: remote interlock connector, safety interlocks, manual reset mechanism, beam attenuator, tests for determination of compliance, certification, class iv designation and warning, labels, and labeling."", ""the remote interlock connector, which is required by 21 cfr 1040.10(f)(3), in the remote stop box was not installed the connector or was mechanically installed but not wired. the labels placed on the projectors do not meet requirements specified in 21 cfr 1010.4 (variances), 21 cfr 1010.2 (certification), 21 cfr 1010.3 (identification) and 21 cfr 1040.10 (g)(labelling requirements). the identification label does not include the date of manufacture as required by 21 cfr 1010.3. the corrective action plan covers three families of laser light show of projectors: diode. club and pure with three different hardware configurations such as the number of the number of rj45 ports, radiant power of emissions and network configurations. no specific user manuals were provided to each model family as required by 21 cfr 1040.10(h)(1) (informational requirements (1) user information). the quality control test did not validate the manual reset function to enable resumption of laser radiation emission from class iv laser projectors after an interruption caused using a remote interlock. no supplemental product reports, as required according to 21 cfr 1002.11.""]"
23,132,23_enterococcus_blood culture_staphylococcus_escherichia coli,Microbiology culture and antimicrobial susceptibility test failures,"[""enterococcus"", ""blood culture"", ""staphylococcus"", ""escherichia coli"", ""streptococcus"", ""staphylococcus aureus"", ""antimicrobial"", ""false positive"", ""pseudomonas"", ""microbiological""]","[""biofire has identified an increased risk of false positive results when the filmarray blood culture identification (bcid) panel is used with biomrieux bact/alert standard anaerobic (sn) blood culture bottles. false positive results have been observed for pseudomonas aeruginosa and enterococcus."", ""synapsys software versions 4.20, 4.30, 5.10, 5.20, or 5.30 and utilizing the in-line breakpoint feature, an error is occurring where bd synapsys will incorrectly display breakpoints for organisms that do not have defined breakpoints in clsi or eucast. this occurs when the identified organism is included in the same interpretive group as a species for which there is a specific breakpoint. result in either a false susceptible or false resistant result. a false susceptible result can cause inadequate or incomplete antibiotic treatment due to the use of an ineffective antibiotic, and a false resistant result limit access to a preferred antibiotic regimen with possible elongation of therapy"", ""there is an increased risk of false positive proteus results when using the film array blood culture identification panel (bcid) in vitro manufacturertic test of blood cultures used in conjunction with specific media types. false positive proteus results from this test lead to patients receiving improper antibiotic treatment until culture results are available (within 24-48 hours).""]"
24,133,24_screws incorrect_incorrect screw_screw manufacturer_screw size,"Orthopedic screw sizing, packaging, and labeling errors","[""screws incorrect"", ""incorrect screw"", ""screw manufacturer"", ""screw size"", ""size screw"", ""screw length"", ""pedicle screws"", ""central screw"", ""cover screw"", ""lock screw""]","[""on 28, , manufacturer, inc. issued a minor removal of a lot of 18 screws that were found to be out of specification. the screw length was 5 mm shorter in length than the required specification for the screw size. the product is laser marked 8.5mm x 45mm, but its length measured 40mm."", ""one lot of matrixneuro 5mm screws was packaged in a body clip etched \""4\"", which indicated a 4mm screw. the outer package labeling correctly identifies a 5mm screw, but the body clop incorrectly identifies a shorter length for the screw."", ""product on the package label did not match what was inside the package. the label was for part number 00-2359-058-35 (manufacturer periarticular locking plate system 3.5mm locking screw 58mm length) lot number 62918019 while the product inside the package was part number 00-2359-014-24 (manufacturer periarticular locking plate system 2.4mm locking screw 14mm length) lot number 62896038.""]"
25,222,25_tip catheter_body catheter_catheter tip_catheter distal,"Catheter tip, shaft, and coating defects","[""tip catheter"", ""body catheter"", ""catheter tip"", ""catheter distal"", ""ablation catheters"", ""catheters contain"", ""catheter"", ""catheters"", ""catheter shaft"", ""catheter connector""]","[""increase in reports of polymer degradation of the catheter tip, resulting in tip fracture and/or separation. degradation could include loss of device function, separation of a device segment leading to medical intervention, or complications resulting from a separated segment. such complications include device fragments in the vascular system, genitourinary system, or other soft tissues. fragments within the vascular system could result in embolization to the heart or lungs, or occluding blood flow to end organs."", ""reports of catheter tip splits and or separation. loss of device function, medical intervention to retrieve separated segment, or complications resulting from separated tip occluding blood flow to end organs result. expanded 10/07/ to include additional catheters."", ""a manufacturing process lead to catheter tip fracture and or separation. potential adverse events include loss of device function, medical intervention to retrieve a separated segment, or complications resulting from a separated tip occluding blood flow to end organs. these catheters are used in venous or arterial pressure monitoring, blood sampling, and administration of drugs and fluids.""]"
26,208,26_catheters mislabeled_incorrect catheter_catheter incorrect_catheter packaging,"Catheter size, packaging, and labeling mix-ups","[""catheters mislabeled"", ""incorrect catheter"", ""catheter incorrect"", ""catheter packaging"", ""catheters incorrectly"", ""size catheter"", ""guide catheter"", ""catheter kits"", ""catheter connector"", ""catheter distal""]","[""manufacturer has determined that the french size indicator on the inner pouch incorrectly reflect a 6 french size, rather than the correct 5 french size. the catheters inside the pouch are the correct u5tran35 item, the outer carton has all the correct labeling, and all the other information and configuration details on both the carton and the pouch are correct."", ""the color coded french size indicator on the outer box incorrectly reflect a 6 french size, rather than the correct 5 french size. the catheters inside the carton are the correct dxt5jl40 item, the inner pouch has correct 5f labeling, information and configuration details."", ""some of the intermediate boxes within lot 140417-3, were labeled as p8, a french size 8 pediatric catheter but actually contain p10, french size 10 pediatric catheters. trying to use a p10 catheter for bladder drainage, where p8 catheters have been prescribed, result in acute urinary retention; and, forced attempts to insert the french size 10 catheter lead to urethral trauma.""]"
27,144,27_disinfection sterilization_sterilization parameters_sterilization instructions_sterilization method,"Reusable device cleaning, disinfection, and sterilization IFUs","[""disinfection sterilization"", ""sterilization parameters"", ""sterilization instructions"", ""sterilization method"", ""autoclave sterilization"", ""sterilization methods"", ""sterilizers"", ""steam sterilization"", ""sterilization trays"", ""sterilization tray""]","[""the parameters provided in the laparoscopic manual instruments instructions for use (ifu 1000-401-070 revision g or prior) do not support the unwrapped gravity cycle and the ethylene oxide cycle sterilization methods"", ""the parameters provided in the laparoscopic manual instruments instructions for use (ifu 1000-401-070 revision g or prior) do not support the unwrapped gravity cycle and the ethylene oxide cycle sterilization methods."", ""manufacturer manufacturerl has a global field corrective action for the standard offset cup impactor since the product was first released in 2004. manufacturer has identified through internal sterility assurance level validation testing that a sterility assurance level of 10-6 is not achieved on the standard offset cup impactor when it is subjected to the steam sterilization cycles and associated dry times that are specified in the current instructions for use (ifu) provided with the device. the standard offset cup impactor is provided non-sterile and must be sterilized prior to use in a surgery. manufacturer has not received any reports of deaths, illnesses, injuries, or other adverse effects associated with this .""]"
28,117,28_surgical table_surgical tables_repositioning patient_table cause,Imaging and operating table motion/support failures,"[""surgical table"", ""surgical tables"", ""repositioning patient"", ""table cause"", ""table moving"", ""patient table"", ""unintended movement"", ""cause malfunction"", ""operating table"", ""malfunction possible""]","[""when the control of the operating table was used in bluetooth mode, the operating table continued moving even after releasing the button on the control. originally, the root cause was thought to be confined to bluetooth/wireless communications between the control pendant and the surgical table. however, during investigation, mizuho discovered that the failure could be replicated even in wired mode if communication between the pendant and table were somehow interrupted. the root cause appears to be: if communication between the controller and table is interrupted while a button is pressed, the table does not know if/when a button is released. this occurs in wireless or wired mode."", ""manufacturer has learned from customer feedback and field service experience that damage from external impact to the table hydraulic column can cause the stainless steel shroud sections covering the table hydraulic column to become misaligned; if the damage is severe, the up/down movement of the table be impeded. in addition, the table hand control indicate that the table floor locks are unlock"", ""manufacturer healthcare corporation is issuing an urgent medical device correction for the pst 500 u precision surgical table due to a potential with loose spring pins in the spindle drives. this can cause the tabletop to unexpectedly tilt or move at any time, even without active use of the surgical table. this could potentially result in unintentional patient movement during surgical procedures and/or preparation for surgical procedures, including transport.""]"
29,119,29_software error_software patch_vulnerabilities_software anomalies,"General software defects, updates, and cybersecurity vulnerabilities","[""software error"", ""software patch"", ""vulnerabilities"", ""software anomalies"", ""software update"", ""cybersecurity vulnerability"", ""systems software"", ""cybersecurity vulnerabilities"", ""safety software"", ""software software""]","[""the firm will be performing a software update to address a software error which affects the listed products. this correction addresses four potential software issues: 1) \""password store corrupted\"" error message during system boot; 2) subsystem crash during examination; 3) dialog monitor computer (dmc) application crash while loading a study; and 4) software crash due to system internal timeout. 1 lead to a delay or interruption of procedure. issues 2, 3, and 4 result in delay in starting or continuing the examination, and also prevent the operator from starting or continuing a study;"", ""manufacturer is issuing a software update (version 3.2.4) to the brilliance ict and ict sp systems currently running software version 3.2.0, 3.2.1 or 3.2.3, addressing a number of non-conformances. a review was conducted of all nonconformances that are fixed by the software upgrade. none of these nonconformances result in unacceptable hazards. the nonconformance documented below had the highest sc"", ""a patch was released for a critical remote code execution vulnerability in remote desktop services. this vulnerability can be exploited remotely without authentication on certain operating systems. an attacker who successfully exploited this vulnerability could execute arbitrary code on the target system; then install programs; view, change, or delete data; or create new accounts with full user rights. if the vulnerability could be exploited locally, it would lock down the computer.""]"
30,104,30_ifu update_indications use_warnings precautions_revised ifu,Device labeling and IFU documentation errors,"[""ifu update"", ""indications use"", ""warnings precautions"", ""revised ifu"", ""contraindications warnings"", ""operator manual"", ""ifu manufacturer"", ""updated ifu"", ""ifu labeling"", ""updated instructions""]","[""ifu update includes an update to the device description, intended use/indications for use, contraindications, warnings, precautions, potential adverse events"", ""printed instructions for use (ifu) not shipped with device. the instructions for use contain the warnings, precautions, contraindications, and procedures for the preparation, implantation, and post operative care of the implantable port, failure to follow the instructions for use result in patient injury."", ""during final assembly operation, it was noticed that some of the primatrix instructions for use (ifus) from lot rm1608011 part 520-002v10 contained extra pages and/or missing pages: \"" 22 ifus contained duplicate pages 15 - 26 & 51 - 62 and were also missing pages 27 - 50 \"" 3 ifus were missing pages 27 - 50 \"" 1 ifu was missing pages 1 - 2 & 75 - 76 \"" 1 ifu was missing pages 15 - 62 while pages 27 50, 75 76, and 15 62 contain instructions written in a language other than english, pages 1 2 contain information regarding the indications for use, contraindications, device description, warning and precautions, and potential complications of the device.""]"
31,112,31_pump alarm_pump module_displayed pump_pump shuts,"Perfusion, blood pump, and fluid flow-control failures","[""pump alarm"", ""pump module"", ""displayed pump"", ""pump shuts"", ""pump stop"", ""pump assembly"", ""advanced perfusion"", ""malfunction alarm"", ""perfusion reports"", ""perfusion""]","[""manufacturer manufacturer (manufacturer cvs) has received reports of various roller pump malfunctions of the manufacturer advanced perfusion system 1 that could result in the inability to use the pump and would then require replacement with back-up equipment. description of malfunctions: \"" unplanned pump stop or pause \"" changes in pump speed if it is necessary to replace a roller pump during cardiopu"", ""manufacturer group usa, inc. has issued an urgent field safety notice regarding certain serial numbers of the manufacturer group s5 perfusion system due to reports of a \""fault in motor controller\"" alarm message displayed on the system panel. this could lead to unintended pump stoppage which result in permanent impairment or life-threatening injury. an out of specification electrical component was determin"", ""manufacturer group usa, inc. has issued an urgent field safety notice regarding certain serial numbers of the manufacturer group s5 perfusion system due to reports of a \""fault in motor controller\"" alarm message displayed on the system panel. this could lead to unintended pump stoppage which result in permanent impairment or life-threatening injury. an out of specification electrical component was determi""]"
32,80,32_latex allergy_rubber latex_natural latex_contained latex,Latex labeling and allergy-warning omissions,"[""latex allergy"", ""rubber latex"", ""natural latex"", ""contained latex"", ""latex-free"", ""latex free"", ""natural rubber"", ""latex warning"", ""non-latex"", ""rubber""]","[""package labeling indicates both \""latex free\"" and \""contains natural rubber latex\"" . the rubber bands do contain natural rubber latex. this could cause a significant risk to users with latex allergies."", ""although the natural rubber latex caution symbol is clearly displayed on the product label, the accompanying caution statement \""caution: this product contains natural rubber latex which cause allergic reactions\"" was not printed on the product label."", ""product contains dry natural rubber latex. label states latex free.""]"
33,92,33_balloon catheter_balloon catheters_dilatation catheter_intra-aortic balloon,Catheter balloon and inflation system defects,"[""balloon catheter"", ""balloon catheters"", ""dilatation catheter"", ""intra-aortic balloon"", ""catheter"", ""catheters"", ""pta balloon"", ""tube cuff"", ""occlusion balloon"", ""angioplasty pta""]","[""manufacturer is this removal of one lot of the coyote\"" over-the-wire pta balloon dilatation catheter and one lot of the coyote\"" monorail\"" pta balloon dilatation catheter. manufacturer has become aware that the balloons of the devices from these lots not deflate as expected during a procedure. to date, manufacturer has received three complaints for this . t"", ""manufacturer identified an with specific models and lots of the powercross .018 over the wire (otw) percutaneous transluminal angioplasty (pta) dilatation catheter. during an unrelated manufacturing inspection of scrapped products, an out of specification condition was observed. the catheter outer shafts were pinched and deformed at the proximal balloon bond. bench testing of affected devices showed that this resulted in either the inability to inflate the device, a slow deflation, or the inability to deflate the device post expansion."", ""manufacturer is the removal of certain batches of coyote\"" over-the-wire (otw) percutaneous transluminal angioplasty (pta) balloon dilatation catheter devices due to the potential for inflation/deflation difficulty during use in the peripheral vasculature. an internal investigation found that a manufacturing process variation resulted in catheters that not properly inflate/deflate. this was limited to coyote otw batches manufactured from 12sep2025 through 13oct2025. the processing variation has since been addressed. no other material numbers or batches are impacted by this removal.""]"
34,90,34_drill bit_drill guide_drill bits_incorrect drill,"Surgical drill, guide, and burr hardware defects","[""drill bit"", ""drill guide"", ""drill bits"", ""incorrect drill"", ""cannulated drill"", ""drill"", ""drill stop"", ""drilling"", ""instead drill"", ""driver screw""]","[""the firm received complaints of drill bits breaking during use with the prestige lp(tm) cervical disc system. subsequent investigation demonstrated the interaction of the drill guide and the drill bit lead to drill bit breakage."", ""the equinoxe reverse drill bit kits contain two 2mm diameter drill bits instead of one 2mm diameter drill bit and one 3.2mm diameter drill bit as intended."", ""traces of corrosion on the laser marking was detected on cannulated graduated drill bit, which could lead to the emission of wear / corrosion particles in the operated area, potentially leading to the following risks: inflammation, pain, allergy, adverse tissue reaction. device description: the drill bit is used to create the hole required for the introduction of the screw, it is suitable for manufacturer compression screws for cortical and spongy bone. drilling depth can be read on the instrument. the shaft is coupled with the 4.5mm surgical motor using a ao 4.5mm male drive connexion. the countersink bit is coupled to a 1.0mm k-wire to ensure guiding while drilling. the instrument is packaged in a plastic sheath sealed by welding.""]"
35,82,35_sars-cov-2 antibody_sars-cov-2 test_sars-cov-2_test kits,"COVID, respiratory virus, and infectious disease test failures","[""sars-cov-2 antibody"", ""sars-cov-2 test"", ""sars-cov-2"", ""test kits"", ""vitros immunomanufacturertic"", ""flu rsv"", ""false positive"", ""covid-19"", ""focus manufacturertics"", ""antigen""]","[""focus manufacturertics is the direct amplification discs (dad) supplied with the simplexa hsv 1 & 2 direct (mol2150), simplexa flu a/b & rsv direct (mol2650) and simplexa group a strep direct kits (mol2850) because it result in a false negative result, a false positive result or error code (s) 500 or 505, and it result in higher invalid rates."", ""focus manufacturertics is an urgent safety notice correction for simplexa flu a/b & rsv direct assay (mol2650) because focus manufacturertics has received some customer complaints of simplexa flu a/b & rsv lots due to sporadic false positive rsv signals, which result in a higher rsv false positive rate."", ""focus manufacturertics is providing an urgent safety notice for a correction to the labeling for simplexa\"" flu a/b & rsv direct (mol2650). focus manufacturertics received some customer complaints of simplexa flu a/b & rsv direct assays with sporadic false signals, which result in a higher false results rate due to a potential software spectral matrix and direct amplification disc storage.""]"
36,88,36_brain stimulation_implantable neurostimulators_implantable pulse_stimulation dbs,Neurostimulation and implanted programmer/communication failures,"[""brain stimulation"", ""implantable neurostimulators"", ""implantable pulse"", ""stimulation dbs"", ""cord stimulation"", ""neuromodulation"", ""stimulation output"", ""neurostimulators"", ""pulse generator"", ""stimulation""]","[""spinal cord stimulation (scs) implantable pulse generator (ipg) experience routine system check during ipg charging, which cause device reset, which lead to transient loss of stimulation; patients experience undesired sensations when therapy turns off for approx. 10-15 seconds and then back on, which lead patient to request surgical intervention for replacement or revision."", ""deep brain stimulation (dbs) implantable pulse generator (ipg) experience routine system check during ipg charging, which cause device reset. the device reset could lead transient loss of stimulation; patients experience undesired sensations, transient worsening of movement disorder symptoms, which lead patient to request surgical intervention for replacement or revision."", ""there is a potential affecting eterna spinal cord stimulation (scs) implantable pulse generators (ipgs), model 32400 and liberta rc deep brain stimulation (dbs) implantable pulse generators (ipgs), model 62400 . these devicess experience a loss of communication with the clinician programmer (cp) and/or the patient controller (pc).""]"
37,76,37_lens cause_manufactured misaligned_cataract surgery_manufacturerl optics,"Ophthalmic lens power, labeling, and optical defects","[""lens cause"", ""manufactured misaligned"", ""cataract surgery"", ""manufacturerl optics"", ""cataract"", ""intraocular"", ""eyepiece"", ""incorrect diopter"", ""eye injury"", ""lens""]","[""manufactured with misaligned axis resulting in lenses with the incorrect power, users experience poor visual acuity"", ""due to intraocular lens containing an angle out of specification (oos). the cylinder axis marks do not meet product specifications for the allowable angle between low power meridian (lpm) and toric cylinder axis marks."", ""an off-power error was identified, which resulted in a diopter of 16, rather than the intended 3 diopter. implantation of affected intraocular lens could result in functional visual impairment or reduction in visual acuity which could result in the need for optical or surgical correction.""]"
38,97,38_endoscopes_ed-530xt endoscope_endoscope_endoscope cleaner,"Endoscope cleaning, reprocessing, and channel defects","[""endoscopes"", ""ed-530xt endoscope"", ""endoscope"", ""endoscope cleaner"", ""manufacturer endoscopy"", ""evotech endoscope"", ""endoscopic"", ""endoscopy"", ""laparoscopic manual"", ""high-level disinfection""]","[""during endoscopic procedures using a combination of the video processor epk-i8020c and i20c series video endoscope, the observed image can become reddish or dark. users have observed smoke like steam and noted that the light guide at the tip is hot during use / after the endoscope is removed from the patient and cause thermal injury to the patient s mucous membrane."", ""revised oer-pro, oer-elite, oer-mini endoscope reprocessor labeling- the lf-v and lf-p are no longer compatible endoscopes for reprocessing in the oers. the addendum highlights the following changes: 1. removal of lf-v and lf-p as compatible with the oer 2. change conditions for eto gas sterilization from 12% eto to 100% eto 3. removing the reusable cleaning brush for the manual cleaning. single use brushes remain compatible"", ""issuance of validated, new reprocessing procedures. this corrective action is being undertaken as a result of ongoing manufacturer and fda activities relating to reported patient infections associated with duodenoscopes. the new cleaning procedure requires additional recess flushing and forceps elevator raising/lowering steps during precleaning, manual cleaning and manual disinfection.""]"
39,90,39_clot detection_elevated platelet_hematology analyzers_hematology analyzer,"Hematology, coagulation, and blood collection test errors","[""clot detection"", ""elevated platelet"", ""hematology analyzers"", ""hematology analyzer"", ""clotting"", ""platelet"", ""platelet aggregation"", ""sample tube"", ""clotting times"", ""sample aspiration""]","[""when a clot detection error is generated during the sample aspiration from the primary sample tube the aspirated volume is dispensed into the first empty secondary sample tube. this secondary sample tube is flagged with error 2132 or 1442 and sent to iom priority output racks to be manually managed. the current error message associated to error 2132 or 1442 recommends that the operator manages these secondary sample tubes according to laboratory practice, but it does not clarify that these secondary sample tubes be diluted with water from the hydraulic circuit of the aliquoter module this lead to reporting of erroneous results if the diluted sample is used for testing."", ""there is potential that fluorescent platelet (plt-f) and immature platelet fraction (ipf%, #) results obtained using the lots listed above exhibit lower than actual plt-f and ipf values. the be recognized by a large discrepancy between the impedance platelet (plt-i) result and the plt-f result. in most cases, the falsely decreased plt-f results display a plt abn scattergram message with an asterisk beside the result or an action message: difference between plt and plt- f. check the results. these are indicators of unreliable data. in rare instances, platelet flags be absent. the plt-i results are unaffected."", ""there is a potential that fluorescent platelet (plt-f) and immature platelet fraction (ipf%) results performed using the lots exhibit lower than expected plt-f and ipf values. the be recognized by a large discrepancy between the impedance platelet (plt-i) value and a false low plt-f value. in most cases, the falsely decreased plt-f results displayed a \""plt abn scattergram\"" message with asterisks beside the results indicating the data is unreliable. in rare instances, platelet flags be absent. the plt-i counts are unaffected. the plt-f is a reflex test used to confirm plt-i results due to flagging or low values. as such, the likely impact to patient results is low. affected results display a discrepancy between the plt-i and plt-f, with lower than expected plt-f results that do not match the patient's clinical picture.""]"
40,94,40_gantry rotation_gantry_contact gantry_scanning interruption,"X-ray gantry, detector, and collimator mechanical hazards","[""gantry rotation"", ""gantry"", ""contact gantry"", ""scanning interruption"", ""arm x-ray"", ""patient scan"", ""scout scanning"", ""safety mechanism"", ""x-ray tube"", ""detector positioned""]","[""manufacturer has become aware that 3 bolts that secure a power supply to the rotating side of the gantry were over-torqued on certain lightspeed 16 ct scanner or pet/ct dst scanner.. in the unlikely event that the component becomes loose on the ct gantry during operation, it could result in serious bodily injury if the component were expelled. there were no incidents or injuries reported as a res"", ""1) 1) potential intermittent cause image data problems, lead to artifacts; 2) potential intermittent scout scanning interruption due to angle signal drift caused by external interference; 3) metal edge overlap of mylar strip in gantry create sharp edge. lead to repeat scanning and abrasions."", ""1) service function cause false marking of a bad channel resulting in ring artifacts; 2) potential intermittent scout scanning interruption due to angle signal drift caused by external interference; 3) metal edge overlap of mylar strip in gantry create sharp edge. lead to repeat scanning and abrasions (n/a for serial no. 200036)""]"
41,115,41_design specifications_technical support_non-compliant_manufactured specification,"Quality-system, manufacturing-control, and compliance failures","[""design specifications"", ""technical support"", ""non-compliant"", ""manufactured specification"", ""specification"", ""specifications"", ""failed comply"", ""inconsistencies identified"", ""confidentiality integrity"", ""integrity availability""]","[""installation acceptance test document (iatd) non compliant with regulations. records shows table height measurements out of specification with the consequence of potential system mis-alignment."", ""product service credentials used by some bd technical support teams to access certain bd products were accessed by an unauthorized actor. until these product service credentials are updated, there is a risk of unauthorized access that impact the confidentiality, integrity and/or availability of the relevant products and associated data."", ""bd confirmed that product service credentials used by some bd technical support teams to access certain bd products were accessed by an unauthorized actor. until these product service credentials are updated, there is a risk of unauthorized access that impact the confidentiality, integrity and/or availability of the relevant products and associated data.""]"
42,143,42_sterile kit_sterile surgical_non-sterile component_sterile portion,Kits and trays containing recalled or non-sterile components,"[""sterile kit"", ""sterile surgical"", ""non-sterile component"", ""sterile portion"", ""placed sterile"", ""surgical kits"", ""surgical gowns"", ""sterilization process"", ""oxide sterilization"", ""inside sterile""]","[""deroyal manufactured custom sterile surgical kits containing the covidien-dover(tm) irrigation tray with piston syringe that contains the medline aplicare povidone iodine prep pads. the prep pads were subsequently because medline aplicare determined the product would not support the 36 month expiration date listed on the label."", ""the kits contained surgical gowns. the gowns were manufactured at locations that did not maintain proper environmental conditions. there is no assurance that the surgical gowns are sterile. an inadequately sterilized surgical gown could compromise a sterile field and increase the risk of a surgical site infection."", ""the manufacturerl procedure trays contain one or more surgical gowns. the gowns were manufactured at locations that did not maintain proper environmental conditions. there is no assurance that the surgical gowns are sterile. an inadequately sterilized surgical gown could compromise a sterile field and increase the risk of a surgical site infection. due to the configuration of the trays, the gowns come into contact with other components within the tray posing a risk of cross contamination.""]"
43,86,43_mislabeled size_size mislabeled_size incorrect_incorrect size,"Size, dimension, and length labeling errors","[""mislabeled size"", ""size mislabeled"", ""size incorrect"", ""incorrect size"", ""incorrect labeling"", ""packaged incorrect"", ""incorrectly packaged"", ""size printed"", ""incorrect label"", ""wrong size""]","[""the linear shrinkage on the zirconia blank disc s part label is incorrect. the average linear shrinkage found on the product label was outside the acceptable range. the acceptable average linear shrinkage ranges between 1.225 to 1.275. the production lot being has a linear shrinkage rate of 2.251 which is above the acceptable range."", ""firm officials reported to cin-do that for this device, in the labeling on the inner tyvek peel pouch, the letter 'e' in electrosurgical was turned into an 'x' and the number '5\"" of the (mm tips) was turned into a '0'. this affected the description and some of the text of the labels. however, it did not t affect the part number and lot number on the label."", ""smiths manufacturerl has become aware that the drawing on the instructions for use (ifu) on certain yellow striped cadd administration sets (part number 21-7339-24), incorrectly represent the actual filter size of the product. although the text description on the ifu correctly identifies the product to include a 0.2 micron filter, the illustration on the ifu identifies the filter size as 2.0 microns.""]"
44,89,44_monitor defibrillator_ecg cable_ecg signal_ecg,"ECG waveform, cable, and cardiac-monitoring failures","[""monitor defibrillator"", ""ecg cable"", ""ecg signal"", ""ecg"", ""ecg measurements"", ""ecg waveforms"", ""ecg waveform"", ""cardiac arrhythmia"", ""defibrillator"", ""vital signs""]","[""intermittent noise on ecg and/or respiration waveforms associated with movement of the ecg cable connector on the dash, pdm, and/or tram module. result in reduced ecg, respiration and arrhythmia detection performance."", ""the carescape patient data module (pdm) is used with the following monitors: carescape b450/b650/b850, solar 8000m/i and transport pro. if pace detection is turned on, on the monitor, and if an automated external defibrillator (aed) is used to perform defibrillation, the low frequency signals deployed by the aed, cause the pdm to a false flat line ecg waveform and alarm asystole to be displayed on the monitor."", ""manufacturer has recently become aware of a potential safety due to intermittent noise on ecg and/or respiration waveforms associated with movement of the ecg connector on your dash, pdm, and/or tram module. ecg and respiration signal noise caused by dash, pdm, and/or tram ecg cable connector movement result in reduced ecg, respiration and arrhythmia detection performance.""]"
45,69,45_stent delivery_stent graft_stent_stents,"Stent, stent-graft, and deployment system failures","[""stent delivery"", ""stent graft"", ""stent"", ""stents"", ""abdominal stent"", ""endovascular"", ""inner catheter"", ""delivery catheter"", ""manufacturer vascular"", ""implant procedure""]","[""manufacturing of the joint between the inner catheter and stylet of the delivery system does not consistently meet specifications, and the joint separate during deployment. failure of this joint during a procedure result in a partial stent deployment. the clinical effect of a partial deployment be a need for surgical intervention, or result in vessel trauma or an embolic event"", ""certain batches are being removed due to an increase in complaints received in which physicians encountered greater than anticipated resistance while attempting to withdraw the stent delivery system (sds) from the guidewire or embolic protection device (epd) after successful stent deployment. the most serious potential adverse health consequence is stroke. other risks include delay to procedure, vessel injury, vessel spasm, or stent disruption/damage necessitating additional intervention."", ""increased reports of stent deployment and expansion issues. the most common outcome reasonably foreseeable resulting from difficulty deploying the stent is prolongation of the procedure to exchange the device for a new one. the most serious reasonably foreseeable outcome in cases where the first flange is unable to deploy or expand would be a cascade of events resulting in additional intervention, either endoscopic or surgical, to remove the stent and close the puncture site.""]"
46,112,46_fixation screw_mating screw_plate screw_polyaxial screws,"Orthopedic set screw, thread, and locking failures","[""fixation screw"", ""mating screw"", ""plate screw"", ""polyaxial screws"", ""locking screws"", ""locking screw"", ""screw plate"", ""head screw"", ""screw systems"", ""screw assembly""]","[""thread form of the locking holes in that the locking screws would not properly mate with the plate. the improperly mated screw not be readily recognizable by the user since the screw not correctly lock."", ""manufacturer is conducting a of the connector system large set screw (pn: 79-2002) with affected lot numbers 001 and 002, and small set screw (pn: 79-2003) with affected lot numbers 002, 003 and 004. through the company's manufacturing controls, size discrepancies were noted with the drive feature for both the large and small sets screws. as a result, it is possible that (1) the set screw drive feature will not accept the set screw driver (pn: 79-1006) or (2) the driver get wedged in the corners of the drive feature (false bottom) which lead to a stripped set screw."", ""thread form for the locking holes in that the locking screws not properly mate with the plate. the improperly mated screw not be readily recognizable by the user since the screw not correctly lock, result in delay in surgery or loss of fixation resulting further intervention""]"
47,62,47_bed movement_patient bed_bed exit_patient fall,"Hospital bed, stretcher, and patient fall hazards","[""bed movement"", ""patient bed"", ""bed exit"", ""patient fall"", ""mattress"", ""patient falling"", ""patient moved"", ""user injury"", ""bed"", ""mattresses""]","[""it was identified that the volume of air inside the mattress expand in regions of high altitude which result in an unintended gap between the plateau of the inflated patient surface and tub. a health hazard evaluation was completed which identified the potential risk of patients moving out of position and rolling over on the mattress. while the highest possible severity of harm associated with this condition is death, there have been no reports of injury or harm. this condition has only presented in regions of high altitude; however, manufacturer has chosen to replace all naera mattresses in the field."", ""when the bed is put into the chair egress position, the magnets on the mattress not hold the bottom of the mattress flat to the bed frame, and the mattress foot section will extend away from the bed at an angle. a patient attempting to get back into the bed miss the seat and sit on the foot section instead. the patient can slide down to the floor, or fall, with possible injury."", ""manufacturer, inc., in conjunction with okin america, has a field correction affecting the okin america \""duomat 3\"" head/foot motor used in the manufacture of our lumex patriot full electric bed model us0458/us0468 and patriot lx full electric bed model us6000. the failure mode is directly related to contaminated material in the plastic housing used to produce the duomat 3 motor. contaminated motor housings crack resulting in a motor that will no longer actuate the head section per the intended design. if the head section were to fall it is unlikely but possible an injury could occur. no injuries have been reported.""]"
48,71,48_pressure monitoring_blood pressure_intracranial pressure_vital signs,"Blood pressure, SpO2, and vital-sign monitoring errors","[""pressure monitoring"", ""blood pressure"", ""intracranial pressure"", ""vital signs"", ""pressure values"", ""pressure measurement"", ""invasive pressure"", ""patient monitor"", ""pressure waveform"", ""pressure higher""]","[""the invasive blood pressure (ibp) numeric values will freeze on the display when any of the following functions are performed: change an ibp site label using the site label icon or the keyboard, activate or deactivate the mean pressure waveform display option (on/off) using the invasive pressure options dialog or the keyboard, activate or deactivate the waveform hide option (on/off) using the invasive pressure options dialog, activate or deactivate the pressure waveform filter option (on/off) using the keyboard, and/or perform a pullback using the pullback icon or the keyboard"", ""when a neonatal patient is admitted, the non-invasive blood pressure is not set to neonatal mode on the manufacturer xperflex cardio fc2010 patient monitor. if the nibp is not set to neonatal, the cuff inflation pressure applied will be higher than 150 mmhg and the deflation pressure will be higher than 5 mmhg. an applied cuff inflation pressure higher than 150mmhg or a deflation pressure higher than 5 could lead to bruising, mmhg nerve damage or bone deformity for a neonate."", ""mermanufacturer has been informed by schiller ag (baar, switzerland) of an with the schiller argus pb-3000 patient data module (pdm) where certain units trigger an error message on the merge hemo client (pressure sensor defective) during non-invasive blood pressure (nibp) measurements, specifically when the initial inflation pressure is set in the high-pressure range (>240 mmhg). the argus pb-3000 is a vital signs monitoring instrument intended to be integrated into the merge hemo system. no other components of the merge hemo system are affected.""]"
49,50,49_endotoxin contamination_out-of-specification endotoxin_endotoxin results_endotoxin levels,"Bacterial endotoxin, pyrogen, and bioburden contamination","[""endotoxin contamination"", ""out-of-specification endotoxin"", ""endotoxin results"", ""endotoxin levels"", ""endotoxin"", ""contamination identified"", ""contamination non-sterile"", ""testing adverse"", ""microbial contamination"", ""inflammatory response""]","[""dura regeneration matrix have out-of-specification endotoxin levels due to issues with in-process and finished goods endotoxin testing, which present clinically with signs and symptoms of an acute inflammatory process, comparable to infection."", ""identified higher-than-expected levels of endotoxin within the raw material used to produce codman surgical patties and strips that have resulted in out-of-specification levels of endotoxin in finished goods"", ""surgical patties & surgical strips in specific lots of custom convenience kits were found to contain higher-than-expected levels of endotoxin within the raw material used to produce sterile codman surgical patties and strips that have resulted in out-of-specification levels of endotoxin in those finished goods""]"
50,52,50_storage temperature_temperature manufacturer_temperature conditions_refrigeration,Storage-temperature and cold-chain excursions,"[""storage temperature"", ""temperature manufacturer"", ""temperature conditions"", ""refrigeration"", ""refrigerated storage"", ""temperatures listed"", ""higher temperatures"", ""temperature listed"", ""temperatures cause"", ""room temperature""]","[""facility critical temperature excursions on 08-jan in walk-in refrigerator due to mechanical failures, causing temperatures to fall below the validated range of 35.6 - 46.4 degrees fahrenheit (2 - 8 degrees celsius) for up to 60 minutes ."", ""transit delays of certain cold chain products due to severe thunderstorms which caused the products to be stored outside the recommended labeled storage conditions. this failure could increase the probability of an incorrect test result or a delayed test result."", ""facility critical temperature excursions on 08-jan in walk-in refrigerator due to mechanical failures, causing temperatures to fall below the validated range of 35.6 - 46.4 degrees fahrenheit (2 - 8 degrees celsius) for up to 60 minutes which could increase the probability of an incorrect test result or a delayed test result.""]"
51,48,51_monitor fall_monitor arm_video monitor_suspension fall,Monitor suspension and mounting hardware failures,"[""monitor fall"", ""monitor arm"", ""video monitor"", ""suspension fall"", ""suspension arm"", ""screen monitor"", ""monitor"", ""ceiling suspension"", ""safety cable"", ""missing screws""]","[""manufacturer has become aware of a potential safety involving missing screws used for mounting the overhead video monitor to the tray assembly on a single monitor suspension. this affects the precision 500d x-ray imaging systems."", ""extra monitors, so called 7th or 8th monitor, mounted on the monitor ceiling suspension (mcs), might disengage from the mcs and fall down. the two small set screws securing the two gliding rods into an aluminum block of the support arm can come loose because of vibrations and forces exerted on them. if the set screws have come loose gravity can keep the rods in position. however, if a force is exerted on the monitor pushing it forward, the monitor can topple forward. once the monitor has toppled over it is only attached with its wires. if the monitor breaks loose of its wires it will drop on the floor."", ""manufacturer has recently become aware of a potential safety involving the precision 500d, precision mpi & precision rxi x-ray imaging systems overhead lcd video monitor suspension (single monitor & dual monitor). there is a potential for the locking nut to loosen out of the lcd video monitor suspension yoke. this will not lead to an immediate fall of the suspended monitor since it will""]"
52,46,52_barcode labels_barcode label_barcode_barcodes,"Barcode, UDI, and sample identification errors","[""barcode labels"", ""barcode label"", ""barcode"", ""barcodes"", ""bar code"", ""sample barcode"", ""sorting drive"", ""tube labels"", ""sorting"", ""scanner""]","[""sorting-drive software version 4.2 (released in ) introduced a new option for ipaw and the sorting-drive client that is used for manual printing of barcodes. sorting drive software version 4.2 was replaced by 4.2.1 (both versions contain the same option for manual barcode printing). when printing consecutively numbered tube labels using this optional barcode counter function, the system incorrectly converts numbers with consecutive multiple zeroes in the middle, potentially leading to wrong barcode ids. the firm reports that this does not affect automated label creation or reprinting of individual labels and that no other system functions are affected."", ""sorting-drive software version 4.2 (released in ) introduced a new option for ipaw and the sorting-drive client that is used for manual printing of barcodes. sorting drive software version 4.2 was replaced by 4.2.1 (both versions contain the same option for manual barcode printing). when printing consecutively numbered tube labels using this optional barcode counter function, the system incorrectly converts numbers with consecutive multiple zeroes in the middle, potentially leading to wrong barcode ids. the firm reports this does not affect automated label creation or reprinting of individual labels and that no other system functions are affected."", ""sorting-drive software version 4.2 (released in ) introduced a new option for ipaw and the sorting-drive client that is used for manual printing of barcodes.sorting drive software version 4.2 was replaced by 4.2.1 (both versions contain the same option for manual barcode printing). when printing consecutively numbered tube labels using this optional barcode counter function, the system incorrectly converts numbers with consecutive multiple zeroes in the middle, potentially leading to wrong barcode ids. the firm reports that this does not affect automated label creation or reprinting of individual labels and that no other system functions are affected.""]"
53,140,53_manufacturer inratio_inr manufacturer_manufacturer sample_fda manufacturer,"Mixed manufacturer-specific device, labeling, and quality failures","[""manufacturer inratio"", ""inr manufacturer"", ""manufacturer sample"", ""fda manufacturer"", ""results manufacturer"", ""manufacturerl abx"", ""manufacturer unicel"", ""manufacturer america"", ""manufacturer san"", ""life manufacturer""]","[""manufacturer is any unexpired lots of hithsp10 cranial access kits due to identified labeling discrepancies. kit contains duraprep and monocryl sutures whose labeling does not align with the intended use and labeling of the cranial access kit."", ""manufacturer llc is hld systems model 610 washer/high level disinfector due to a potential risk of the system not injecting the proper amount of cleaning fluid during the wash cycle and not achieving the desired level of debris reduction."", ""clr manufacturerls intermanufacturer, a nationwide of viscocel and viscocel plus, in response to fda inspection findings of deficiencies in the quality system regulations for manufacturerl device manufacturers, 21 code of federal regulation (cfr) part 820 and lack of premarket approval (pma) for devices sold or distributed in domestic commerce. the viscoelastic products, intended for human""]"
54,64,54_guide wires_guidewires_damage cable_lead wire,"Guidewire, lead-wire, cable, and coating defects","[""guide wires"", ""guidewires"", ""damage cable"", ""lead wire"", ""wire lead"", ""delivery wire"", ""wire guide"", ""wires"", ""wire"", ""ptfe""]","[""manufacturer has identified an with a specific lot of the archer 0.035 inch (0.89mm) super stiff guidewire, model arcsj200w, where the ptfe (teflon) coating has the potential to separate from the wire during in-vivo use."", ""manufacturer neurovascular has observed an increased frequency of ptfe coating damage occurring on the synchro guidewires that be caused by the practice of backloading the guidewire through the optional introducer accessory. this is limited to certain lots of the synchro guidewire that contain an older version of the introducer accessory. due to variation in the manufacturing process of the supplier of the introducer accessory, certain lots of introducers have sharper than intended edges that can peel off the ptfe coating when physicians use a technique known as backloading. users with impacted product in their inventory are cautioned not to use this backloading technique."", ""potential for ptfe (polytetrafluroethylene) coating to delaminate and detach from guidewire. manufacturer guide wires are steerable guide wires that are used for the introduction and placement of diagnostics or interventional devices in the coronary and peripheral vasculature, and be used to reach and cross a target lesion. manufacturer guide wires are not intended for cerebral vasculature. medt""]"
